iter	MultiClass
0	1.428306105
1	1.249541941
2	1.144052127
3	1.060771566
4	1.004962764
5	0.9635726126
6	0.9341334228
7	0.9134816986
